{"-_fqzg8PNgY": [-0.07481760480248471, -0.04223203936293096], "2v4-L4PkV9U": [0.019284952620703504, -0.22395690447171474], "Hb2vcvpJozA": [0.08366606771362553, 0.09853217842688557], "wuxf68gf5iw": [0.06552626757416011, 0.12752352561261115], "NZ74oFctP_g": [0.07702612232262905, -0.30935163503905894], "SE34K88LUek": [-0.08294753797407191, -0.20274954487083674], "SM1w9PEQOE8": [-0.10950631427883557, 0.14633888310545057], "DSRSgMp5X1w": [-0.1873042801890274, -0.1220826464325227], "BEePFpC9qG8": [-0.08551135411133769, -0.039389280249088], "QWce9T6lINs": [0.24480813616306513, 0.04718508667173794], "VLcDEY_JMtA": [-0.0417741890353166, -0.20612910113316663], "kbx-qZnTr-0": [-0.10734761548509196, 0.037182829452501794], "D7sj7L1uLiw": [0.12723471124136537, -0.1387574652861347], "2_Jvmt0vU4s": [0.13538796241921733, 0.08209605787353384], "QGoW0QQdLZ0": [0.3762702810865531, 0.2053525966331323], "m-lKcohRNR8": [0.12397427405214968, 0.17458828285892203], "GhxV90u-xME": [-0.11223097750994039, 0.1263058476821149], "KUzhD_wYgFg": [-0.21960445711188886, -0.08869103492721161], "_68Btc0GzmE": [0.34791650625467163, -0.01849310272499759], "-Jqs4QZMyJM": [0.02587425616669796, -0.1555239455266034], "lE7BSivIWaE": [-0.16505932576636714, 0.0758572386935912], "MQCbYju-GXQ": [0.1294053822168815, 0.14174572283657896], "gylpscmLHH0": [0.1107699244645817, -0.048579861075582806], "Cltgr0jfWE4": [-0.10317554749915081, 0.06570307998391839], "Fl7JxmtC6Cg": [0.004210094630479736, 0.041186115345697646], "Ps7GzIV2KP0": [-0.26782204040390845, -0.19568523377664532], "N5DAsXZah1I": [0.08860300941148294, -0.14672568834457353], "uHgGLE80JiE": [-0.08940531110056332, 0.04697506370865215], "h74ITaQ7Caw": [-0.08931540020753295, 0.050695771164740035], "u6crRYCisF4": [0.13643282454005123, -0.06291979893416498], "QyuRmJJaUy8": [-0.2645697636123228, 0.16743019212092725], "kF1_qecmP4Y": [-0.05104907126239121, -0.16847699167907448], "e77J4g0LMOk": [0.26696095719207164, 0.14604107099247352], "aMQbRpxgFvs": [0.2179316144402302, 0.11380308455491905], "qDWJllytQwM": [-0.13968935728842016, -0.09578735602713945], "MTJOLzY1POk": [-0.2285582037757704, -0.25756685410155633], "fQjBxSQNA9k": [0.22400050065219543, 0.08535270944116599], "vhzYwi4Sl3A": [-0.35913975194875664, -0.053658154214701825], "i9GSF3ROa58": [0.008513728334192418, -0.09534250602281315], "h5CLO2n6OxQ": [0.06754125028625164, -0.04873904632190387], "j1yVXcJxmSA": [0.024201956563297104, -0.1883457533546996], "4c84Y7cdM9U": [-0.03447333198521768, -0.10984949272142991], "-gG3Sa0ReEk": [-0.07867445330395637, 0.12671547282413936], "zXHUHx4R9kI": [0.10780556406292065, -0.1587661266354314], "fPm1nqe6EYc": [-0.03568124683860164, 0.08112398303892768], "ue5JhrFbgSM": [-0.19392439934715747, -0.10648827141806054], "KA-oxZu_ObA": [-0.1888247261106611, -0.0025325232425876445], "URqkQkkS7Oc": [-0.08468952776009574, 0.1256643510885663], "uBYzYji4rmE": [0.015813700095705454, 0.06525394996822291], "5wKYV-9Tq1o": [-0.017501637372998903, 0.10614420677579571], "BO1gEurWFaA": [-0.1492231290317563, 0.09006315925590068], "Wx5BZoVkkqg": [0.20545240276696505, 0.06615873604220333], "OV2BmmV4xsM": [0.23336161757789461, 0.027793226047224368], "V7LeRxl59M4": [0.025797105849029063, 0.08348196918692552], "DyK1xtKprGI": [0.28193467480606704, -0.2630809514744665], "5iu2BMemX-k": [0.14929074005296078, 0.24959011165134273], "dVD4W5e_X2A": [0.21468347233709587, -0.0716222654830406], "OnlbKm0fblc": [0.010286780007833727, 0.31460604499902617], "bC8ItoPET1s": [-0.07251313527303717, 0.027605154046777308], "Wd_idMpg_qQ": [0.23282233834019825, -0.06065152496904559], "AZl12hJ5lXw": [-0.06197823631988572, -0.1512857474585186], "WWT1-2x3xzc": [0.019141818079678297, 0.11186017157932705], "-Je79iRtTTE": [-0.19277871025824084, -0.2285504413589805], "4y9_V73e08c": [0.23799020621864186, -0.25969199813537497], "YDLdfU3NidY": [0.0428135943641026, 0.01291555659661561], "0I8AH7ZF_zM": [0.03457412652804829, 0.006504247954965052], "OKWu4Ik429M": [-0.08650282745172959, -0.15898193167212693], "jgfuWix7hII": [-0.2856356969521946, -0.030802265342539503], "VWHGo7g2ZU8": [-0.05977466312514734, 0.023665028723757198], "OZvumC1mAWc": [-0.10634383615357945, 0.23883236755377096], "vzNcSvKCOyA": [-0.030150406508325112, 0.12253196474794148], "tBTP_OGbOA0": [-0.12058773101813453, 0.205751138757578], "QXcbVHFE2bo": [-0.019265512829926043, -0.1272271006324501], "U6G2vCs9Ync": [0.011223651634337504, -0.2949130279793678], "IxD2NbXzgpQ": [-0.1353145035175588, 0.032531440785175704], "K1myaxq_cc8": [-0.12201859328385599, 0.12838639048124462], "ibewMM7YiG4": [-0.10691388473815963, 0.10990573570588924], "csv2nkglvOE": [-0.06721044665829706, -0.038862610889804194], "miSXpym7QaU": [-0.1820266221126777, 0.07495078960311129], "z-JurmXtLCY": [-0.1450533823384554, 0.014771451922247091], "iqO_eHuTNMc": [-0.08128402602512108, 0.1965147052696069], "JrnSfMggWIQ": [-0.13372738865798214, -0.09446996364866637], "I1tCLn47Xqc": [0.16258649265071154, 0.0858412476789715], "fwmZZZwE_iY": [0.035253279238712305, 0.04250945272525664], "6dI1HjBa9Os": [0.5367403759136093, -0.24762438880422646], "HPBZww-3LiM": [-0.06742678052595726, 0.20988236078270053], "Tw3iDWpEJkE": [0.03470190383891901, 0.2430818599905776], "31goTLDnjmM": [0.1405123141519423, 0.11005296279987088]}