{"DSRSgMp5X1w": [-0.183642747680761, 0.10065392433998913], "HPBZww-3LiM": [-0.0686453107051356, -0.21427277068954872], "MTJOLzY1POk": [-0.22774571677133523, 0.29902931102439306], "u6crRYCisF4": [0.13689726005129624, 0.062222000069277625], "vhzYwi4Sl3A": [-0.35990710995102027, 0.05386410659393759], "D7sj7L1uLiw": [0.1292203766873441, 0.1613701861856149], "ibewMM7YiG4": [-0.11009940872714576, -0.1608208599498064], "Tw3iDWpEJkE": [0.035978113222316845, -0.23193517853052636], "-Je79iRtTTE": [-0.1919856074459024, 0.24666834561189557], "wuxf68gf5iw": [0.06594168083293712, -0.1556601005852513], "5wKYV-9Tq1o": [-0.016866222638603892, -0.09259532761438312], "fwmZZZwE_iY": [0.03857097581365227, -0.007666446376763853], "4y9_V73e08c": [0.23421372128640977, 0.2634474539377075], "2v4-L4PkV9U": [0.022387547214293868, 0.24137580400443687], "4c84Y7cdM9U": [-0.03301023348111202, 0.08532099535114361], "Wx5BZoVkkqg": [0.2072072073939402, -0.04785782701512843], "QWce9T6lINs": [0.24099032823057187, -0.047591427919470713], "URqkQkkS7Oc": [-0.08655276131257006, -0.14537304430114192], "aMQbRpxgFvs": [0.21549015780155964, -0.13209759911852248], "KUzhD_wYgFg": [-0.22147843443401863, 0.11527753537925178], "IxD2NbXzgpQ": [-0.13497262647639902, -0.07093336496701595], "bC8ItoPET1s": [-0.07253779699227482, -0.050557148094211524], "dVD4W5e_X2A": [0.21833828355097232, 0.0659466324862177], "Ps7GzIV2KP0": [-0.2725990129417162, 0.19488389104668372], "I1tCLn47Xqc": [0.16119560869115193, -0.1045188343359306], "vzNcSvKCOyA": [-0.031143454038497713, -0.17489099590973592], "fPm1nqe6EYc": [-0.02914037542215939, -0.07626505655703444], "BEePFpC9qG8": [-0.08491670615180316, 0.044929396109449675], "V7LeRxl59M4": [0.027614373996029378, -0.040627618796018186], "6dI1HjBa9Os": [0.5371733796186946, 0.2666143260857061], "tBTP_OGbOA0": [-0.12106817746420794, -0.19493104949403758], "uBYzYji4rmE": [0.010720770300928772, -0.05335549959650225], "KA-oxZu_ObA": [-0.18740934036736057, 0.012492740720826486], "j1yVXcJxmSA": [0.029188268306949997, 0.1926640774228008], "QyuRmJJaUy8": [-0.26412945929179693, -0.1595403900504429], "OZvumC1mAWc": [-0.10703917028990872, -0.2092604290218015], "OnlbKm0fblc": [0.009449833944491373, -0.292368459952991], "e77J4g0LMOk": [0.27099141232389545, -0.1137885698883335], "_68Btc0GzmE": [0.3429075582960252, -0.005804174512940899], "-_fqzg8PNgY": [-0.07522939338681213, 0.029588174304522492], "ue5JhrFbgSM": [-0.19564401906384138, 0.08119884665722939], "QXcbVHFE2bo": [-0.018304983719188823, 0.11955091840737256], "h74ITaQ7Caw": [-0.08580302423630935, -0.004634142209770142], "kbx-qZnTr-0": [-0.10620882616098828, -0.025440283528016226], "h5CLO2n6OxQ": [0.06493358463159249, 0.03322095870436336], "Cltgr0jfWE4": [-0.10188953521492397, -0.05765802384945641], "qDWJllytQwM": [-0.1381802595908561, 0.08106064898995831], "Fl7JxmtC6Cg": [-0.0009294128466777303, -0.0609574513003286], "iqO_eHuTNMc": [-0.07967456672944984, -0.16019543898995878], "JrnSfMggWIQ": [-0.13560601504273698, 0.07908187200983606], "BO1gEurWFaA": [-0.15421783726698093, -0.0919339827800465], "VLcDEY_JMtA": [-0.040386773953365256, 0.20766171921699061], "OKWu4Ik429M": [-0.08692228647295117, 0.10489996067204153], "-gG3Sa0ReEk": [-0.0809169361892141, -0.14695959675486897], "z-JurmXtLCY": [-0.14246335029683557, 0.02561845829857403], "kF1_qecmP4Y": [-0.05287697682605495, 0.13424773553368896], "miSXpym7QaU": [-0.18416720739773565, -0.08597867967941028], "m-lKcohRNR8": [0.1292575759772554, -0.16116535693417608], "AZl12hJ5lXw": [-0.06086048606464272, 0.13290359458451534], "MQCbYju-GXQ": [0.1302110957238592, -0.11505063223702339], "N5DAsXZah1I": [0.0912366411796792, 0.17854714142267678], "GhxV90u-xME": [-0.11492521149585733, -0.17128821975616354], "fQjBxSQNA9k": [0.22298776119306682, -0.09104882488141833], "-Jqs4QZMyJM": [0.024559463647890203, 0.14510939850236065], "Hb2vcvpJozA": [0.08327020465666053, -0.07795798516506965], "csv2nkglvOE": [-0.06730948113481085, 0.04978800817805769], "uHgGLE80JiE": [-0.08735995653383434, -0.04402497167880371], "QGoW0QQdLZ0": [0.3775040397474009, -0.20456319711289872], "SE34K88LUek": [-0.0837917268477735, 0.1776186531854701], "zXHUHx4R9kI": [0.10345788208064477, 0.13972888276580725], "Wd_idMpg_qQ": [0.23416734979764706, 0.05249049656029314], "lE7BSivIWaE": [-0.16576627979113936, -0.05779582389947311], "2_Jvmt0vU4s": [0.13626821098980454, -0.1149857856613749], "NZ74oFctP_g": [0.07775436492501173, 0.3178546960411595], "OV2BmmV4xsM": [0.2309672538106516, -0.0769857915601824], "K1myaxq_cc8": [-0.12207850868051405, -0.09305720594084965], "31goTLDnjmM": [0.1364969359584409, -0.14944877913824892], "DyK1xtKprGI": [0.28104603335285866, 0.26391477530501234], "YDLdfU3NidY": [0.04355228308130885, 0.02625339383254288], "gylpscmLHH0": [0.10994922133803992, 0.0713207131840655], "jgfuWix7hII": [-0.28281721347813976, 0.02141712271385302], "0I8AH7ZF_zM": [0.03449658531500157, -0.022885841280046622], "WWT1-2x3xzc": [0.01884276542033989, -0.12170892368381825], "U6G2vCs9Ync": [0.012271381934180514, 0.2996757275347981], "5iu2BMemX-k": [0.1497015256195556, -0.23477417170797626], "i9GSF3ROa58": [0.013282406226095191, 0.09581005738239419], "VWHGo7g2ZU8": [-0.058838613990167536, -0.00403165563866359], "SM1w9PEQOE8": [-0.11263286917496611, -0.11807974171132538]}